[
    {
        "id": "1",
        "name": "Hydrating Face Cream",
        "basePrice": 29.99,
        "description": "A luxurious hydrating cream...",
        "category": "Creams",
        "tags": [
            "bestseller"
        ],
        "rating": 4.5,
        "reviews": 124,
        "variations": [
            {
                "variationId": "1-pink",
                "colorName": "Light Pink",
                "colorHex": "#FFB6C1",
                "imageUrl": "https:\/\/dummyimage.com\/250\/FFB6C1&text=Hydrating Face Cream"
            },
            {
                "variationId": "1-yellow",
                "colorName": "Khaki",
                "colorHex": "#F0E68C",
                "imageUrl": "https:\/\/dummyimage.com\/250\/F0E68C&text=Hydrating Face Cream"
            },
            {
                "variationId": "1-blue",
                "colorName": "Sky Blue",
                "colorHex": "#87CEEB",
                "imageUrl": "https:\/\/dummyimage.com\/250\/87CEEB&text=Hydrating Face Cream"
            }
        ]
    },
    {
        "id": "2",
        "name": "Anti-Aging Night Cream",
        "basePrice": 45.99,
        "description": "Advanced anti-aging formula...",
        "category": "Creams",
        "tags": [
            "new"
        ],
        "rating": 4.7,
        "reviews": 89,
        "variations": [
            {
                "variationId": "2-lavender",
                "colorName": "Lavender",
                "colorHex": "#E6E6FA",
                "imageUrl": "https:\/\/dummyimage.com\/250\/E6E6FA&text=Anti-Aging Night Cream"
            },
            {
                "variationId": "2-mint",
                "colorName": "Mint Green",
                "colorHex": "#98FF98",
                "imageUrl": "https:\/\/dummyimage.com\/250\/98FF98&text=Anti-Aging Night Cream"
            }
        ]
    },
    {
        "id": "3",
        "name": "Vitamin C Day Cream",
        "basePrice": 35.5,
        "description": "Brightening day cream...",
        "category": "Creams",
        "tags": [
            "trending"
        ],
        "rating": 4.3,
        "reviews": 156,
        "variations": [
            {
                "variationId": "3-orange",
                "colorName": "Peach",
                "colorHex": "#FFE5B4",
                "imageUrl": "https:\/\/dummyimage.com\/250\/FFE5B4&text=Vitamin C Day Cream"
            },
            {
                "variationId": "3-white",
                "colorName": "Ivory",
                "colorHex": "#FFFFF0",
                "imageUrl": "https:\/\/dummyimage.com\/250\/FFFFF0&text=Vitamin C Day Cream"
            }
        ]
    },
    {
        "id": "4",
        "name": "Firming Eye Serum",
        "basePrice": 39,
        "description": "Reduces fine lines...",
        "category": "Creams",
        "tags": [
            "new"
        ],
        "rating": 4.6,
        "reviews": 78,
        "variations": [
            {
                "variationId": "4-blue",
                "colorName": "Powder Blue",
                "colorHex": "#B0E0E6",
                "imageUrl": "https:\/\/dummyimage.com\/250\/B0E0E6&text=Firming Eye Serum"
            },
            {
                "variationId": "4-white",
                "colorName": "Alabaster",
                "colorHex": "#F0F8FF",
                "imageUrl": "https:\/\/dummyimage.com\/250\/F0F8FF&text=Firming Eye Serum"
            }
        ]
    },
    {
        "id": "5",
        "name": "Revitalizing Body Lotion",
        "basePrice": 22.5,
        "description": "Deeply moisturizes skin...",
        "category": "Creams",
        "tags": [
            "bestseller"
        ],
        "rating": 4.4,
        "reviews": 110,
        "variations": [
            {
                "variationId": "5-beige",
                "colorName": "Beige",
                "colorHex": "#F5F5DC",
                "imageUrl": "https:\/\/dummyimage.com\/250\/F5F5DC&text=Revitalizing Body Lotion"
            },
            {
                "variationId": "5-green",
                "colorName": "Sage Green",
                "colorHex": "#9DC183",
                "imageUrl": "https:\/\/dummyimage.com\/250\/9DC183&text=Revitalizing Body Lotion"
            }
        ]
    },
    {
        "id": "13",
        "name": "Daily Moisturizer with SPF",
        "basePrice": 25,
        "description": "Lightweight sun protection...",
        "category": "Creams",
        "tags": [
            "new"
        ],
        "rating": 4.3,
        "reviews": 90,
        "variations": [
            {
                "variationId": "13-light",
                "colorName": "Light Tint",
                "colorHex": "#FDF5E6",
                "imageUrl": "https:\/\/dummyimage.com\/250\/FDF5E6&text=Daily Moisturizer with SPF"
            },
            {
                "variationId": "13-medium",
                "colorName": "Medium Tint",
                "colorHex": "#DEB887",
                "imageUrl": "https:\/\/dummyimage.com\/250\/DEB887&text=Daily Moisturizer with SPF"
            }
        ]
    },
    {
        "id": "31",
        "name": "Hyaluronic Acid Serum",
        "basePrice": 24.99,
        "description": "Intensive hydrating serum...",
        "category": "Serums",
        "tags": [
            "bestseller",
            "new"
        ],
        "rating": 4.8,
        "reviews": 203,
        "variations": [
            {
                "variationId": "31-clear",
                "colorName": "Clear",
                "colorHex": "#FFFFFF",
                "imageUrl": "https:\/\/dummyimage.com\/250\/FFFFFF&text=Hyaluronic Acid Serum"
            }
        ]
    },
    {
        "id": "32",
        "name": "Vitamin C Brightening Serum",
        "basePrice": 38,
        "description": "Evens skin tone, boosts radiance...",
        "category": "Serums",
        "tags": [
            "new"
        ],
        "rating": 4.7,
        "reviews": 150,
        "variations": [
            {
                "variationId": "32-yellow",
                "colorName": "Bright Yellow",
                "colorHex": "#FFFF00",
                "imageUrl": "https:\/\/dummyimage.com\/250\/FFFF00&text=Vitamin C Brightening Serum"
            },
            {
                "variationId": "32-orange",
                "colorName": "Orange",
                "colorHex": "#FFA500",
                "imageUrl": "https:\/\/dummyimage.com\/250\/FFA500&text=Vitamin C Brightening Serum"
            }
        ]
    },
    {
        "id": "33",
        "name": "Retinol Anti-Aging Serum",
        "basePrice": 49.99,
        "description": "Reduces wrinkles and fine lines...",
        "category": "Serums",
        "tags": [
            "trending"
        ],
        "rating": 4.6,
        "reviews": 180,
        "variations": [
            {
                "variationId": "33-gold",
                "colorName": "Gold",
                "colorHex": "#FFD700",
                "imageUrl": "https:\/\/dummyimage.com\/250\/FFD700&text=Retinol Anti-Aging Serum"
            }
        ]
    },
    {
        "id": "34",
        "name": "Niacinamide Pore Serum",
        "basePrice": 22,
        "description": "Minimizes pores, balances oil...",
        "category": "Serums",
        "tags": [
            "bestseller"
        ],
        "rating": 4.5,
        "reviews": 130,
        "variations": [
            {
                "variationId": "34-green",
                "colorName": "Pale Green",
                "colorHex": "#98FB98",
                "imageUrl": "https:\/\/dummyimage.com\/250\/98FB98&text=Niacinamide Pore Serum"
            },
            {
                "variationId": "34-blue",
                "colorName": "Cyan",
                "colorHex": "#00FFFF",
                "imageUrl": "https:\/\/dummyimage.com\/250\/00FFFF&text=Niacinamide Pore Serum"
            }
        ]
    },
    {
        "id": "61",
        "name": "Gentle Foaming Cleanser",
        "basePrice": 15,
        "description": "Removes makeup and impurities...",
        "category": "Cleansers",
        "tags": [
            "bestseller"
        ],
        "rating": 4.5,
        "reviews": 210,
        "variations": [
            {
                "variationId": "61-white",
                "colorName": "White",
                "colorHex": "#FFFFFF",
                "imageUrl": "https:\/\/dummyimage.com\/250\/FFFFFF&text=Gentle Foaming Cleanser"
            }
        ]
    },
    {
        "id": "62",
        "name": "Hydrating Cream Cleanser",
        "basePrice": 17,
        "description": "Moisturizing and non-stripping...",
        "category": "Cleansers",
        "tags": [
            "new"
        ],
        "rating": 4.6,
        "reviews": 180,
        "variations": [
            {
                "variationId": "62-cream",
                "colorName": "Cream",
                "colorHex": "#FFFDD0",
                "imageUrl": "https:\/\/dummyimage.com\/250\/FFFDD0&text=Hydrating Cream Cleanser"
            }
        ]
    },
    {
        "id": "63",
        "name": "Balancing Gel Cleanser",
        "basePrice": 16.5,
        "description": "For oily to combination skin...",
        "category": "Cleansers",
        "tags": [
            "trending"
        ],
        "rating": 4.4,
        "reviews": 160,
        "variations": [
            {
                "variationId": "63-blue",
                "colorName": "Light Blue",
                "colorHex": "#ADD8E6",
                "imageUrl": "https:\/\/dummyimage.com\/250\/ADD8E6&text=Balancing Gel Cleanser"
            }
        ]
    },
    {
        "id": "64",
        "name": "Micellar Water Makeup Remover",
        "basePrice": 12,
        "description": "Effortlessly removes makeup...",
        "category": "Cleansers",
        "tags": [
            "bestseller"
        ],
        "rating": 4.7,
        "reviews": 250,
        "variations": [
            {
                "variationId": "64-pink",
                "colorName": "Light Pink",
                "colorHex": "#FFB6C1",
                "imageUrl": "https:\/\/dummyimage.com\/250\/FFB6C1&text=Micellar Water Makeup Remover"
            }
        ]
    },
    {
        "id": "65",
        "name": "Oil-to-Milk Cleansing Oil",
        "basePrice": 19,
        "description": "Dissolves makeup and dirt...",
        "category": "Cleansers",
        "tags": [
            "new"
        ],
        "rating": 4.8,
        "reviews": 140,
        "variations": [
            {
                "variationId": "65-brown",
                "colorName": "Amber",
                "colorHex": "#FFBF00",
                "imageUrl": "https:\/\/dummyimage.com\/250\/FFBF00&text=Oil-to-Milk Cleansing Oil"
            }
        ]
    },
    {
        "id": "91",
        "name": "Hydrating Sheet Mask (5-pack)",
        "basePrice": 14.99,
        "description": "Delivers intense moisture...",
        "category": "Masks",
        "tags": [
            "bestseller"
        ],
        "rating": 4.6,
        "reviews": 90,
        "variations": [
            {
                "variationId": "91-clear",
                "colorName": "Clear",
                "colorHex": "#FFFFFF",
                "imageUrl": "https:\/\/dummyimage.com\/250\/FFFFFF&text=Hydrating Sheet Mask (5-pack)"
            }
        ]
    },
    {
        "id": "92",
        "name": "Clay Purifying Mask",
        "basePrice": 18,
        "description": "Draws out impurities, minimizes pores...",
        "category": "Masks",
        "tags": [
            "new"
        ],
        "rating": 4.7,
        "reviews": 75,
        "variations": [
            {
                "variationId": "92-green",
                "colorName": "Forest Green",
                "colorHex": "#228B22",
                "imageUrl": "https:\/\/dummyimage.com\/250\/228B22&text=Clay Purifying Mask"
            }
        ]
    },
    {
        "id": "93",
        "name": "Vitamin C Brightening Mask",
        "basePrice": 22,
        "description": "Boosts radiance, evens tone...",
        "category": "Masks",
        "tags": [
            "trending"
        ],
        "rating": 4.5,
        "reviews": 60,
        "variations": [
            {
                "variationId": "93-yellow",
                "colorName": "Sun Yellow",
                "colorHex": "#FFD700",
                "imageUrl": "https:\/\/dummyimage.com\/250\/FFD700&text=Vitamin C Brightening Mask"
            }
        ]
    },
    {
        "id": "94",
        "name": "Overnight Sleeping Mask",
        "basePrice": 25,
        "description": "Nourishes and revitalizes overnight...",
        "category": "Masks",
        "tags": [
            "bestseller"
        ],
        "rating": 4.8,
        "reviews": 100,
        "variations": [
            {
                "variationId": "94-purple",
                "colorName": "Lavender",
                "colorHex": "#E6E6FA",
                "imageUrl": "https:\/\/dummyimage.com\/250\/E6E6FA&text=Overnight Sleeping Mask"
            }
        ]
    },
    {
        "id": "95",
        "name": "Glow Boosting Peel-Off Mask",
        "basePrice": 16,
        "description": "Exfoliates for smooth skin...",
        "category": "Masks",
        "tags": [
            "new"
        ],
        "rating": 4.3,
        "reviews": 50,
        "variations": [
            {
                "variationId": "95-orange",
                "colorName": "Coral",
                "colorHex": "#FF7F50",
                "imageUrl": "https:\/\/dummyimage.com\/250\/FF7F50&text=Glow Boosting Peel-Off Mask"
            }
        ]
    },
    {
        "id": "121",
        "name": "Sunscreen SPF 50 Broad Spectrum",
        "basePrice": 19.99,
        "description": "High protection against UVA\/UVB...",
        "category": "Sunscreens",
        "tags": [
            "bestseller"
        ],
        "rating": 4.8,
        "reviews": 300,
        "variations": [
            {
                "variationId": "121-white",
                "colorName": "White",
                "colorHex": "#FFFFFF",
                "imageUrl": "https:\/\/dummyimage.com\/250\/FFFFFF&text=Sunscreen SPF 50 Broad Spectrum"
            }
        ]
    },
    {
        "id": "122",
        "name": "Mineral Sunscreen SPF 30",
        "basePrice": 22,
        "description": "Zinc oxide & titanium dioxide formula...",
        "category": "Sunscreens",
        "tags": [
            "new"
        ],
        "rating": 4.7,
        "reviews": 250,
        "variations": [
            {
                "variationId": "122-beige",
                "colorName": "Light Beige",
                "colorHex": "#F5F5DC",
                "imageUrl": "https:\/\/dummyimage.com\/250\/F5F5DC&text=Mineral Sunscreen SPF 30"
            }
        ]
    },
    {
        "id": "123",
        "name": "Tinted Face Sunscreen SPF 40",
        "basePrice": 25,
        "description": "Light coverage with sun protection...",
        "category": "Sunscreens",
        "tags": [
            "trending"
        ],
        "rating": 4.6,
        "reviews": 200,
        "variations": [
            {
                "variationId": "123-light",
                "colorName": "Light Tint",
                "colorHex": "#FDF5E6",
                "imageUrl": "https:\/\/dummyimage.com\/250\/FDF5E6&text=Tinted Face Sunscreen SPF 40"
            }
        ]
    },
    {
        "id": "124",
        "name": "Kids Sunscreen Lotion SPF 50+",
        "basePrice": 18,
        "description": "Water-resistant, tear-free...",
        "category": "Sunscreens",
        "tags": [
            "bestseller"
        ],
        "rating": 4.9,
        "reviews": 280,
        "variations": [
            {
                "variationId": "124-blue",
                "colorName": "Sky Blue",
                "colorHex": "#87CEEB",
                "imageUrl": "https:\/\/dummyimage.com\/250\/87CEEB&text=Kids Sunscreen Lotion SPF 50+"
            }
        ]
    },
    {
        "id": "125",
        "name": "Sport Sunscreen Spray SPF 70",
        "basePrice": 24,
        "description": "Sweat & water resistant for active use...",
        "category": "Sunscreens",
        "tags": [
            "new"
        ],
        "rating": 4.7,
        "reviews": 190,
        "variations": [
            {
                "variationId": "125-clear",
                "colorName": "Clear",
                "colorHex": "#FFFFFF",
                "imageUrl": "https:\/\/dummyimage.com\/250\/FFFFFF&text=Sport Sunscreen Spray SPF 70"
            }
        ]
    },
    {
        "id": "151",
        "name": "Deep Hydration Body Lotion",
        "basePrice": 18,
        "description": "Long-lasting moisture for dry skin...",
        "category": "Body Lotions",
        "tags": [
            "bestseller"
        ],
        "rating": 4.6,
        "reviews": 200,
        "variations": [
            {
                "variationId": "151-white",
                "colorName": "White",
                "colorHex": "#FFFFFF",
                "imageUrl": "https:\/\/dummyimage.com\/250\/FFFFFF&text=Deep Hydration Body Lotion"
            }
        ]
    },
    {
        "id": "152",
        "name": "Firming Body Cream",
        "basePrice": 25,
        "description": "Improves skin elasticity and tone...",
        "category": "Body Lotions",
        "tags": [
            "new"
        ],
        "rating": 4.7,
        "reviews": 150,
        "variations": [
            {
                "variationId": "152-pink",
                "colorName": "Light Peach",
                "colorHex": "#FFDAB9",
                "imageUrl": "https:\/\/dummyimage.com\/250\/FFDAB9&text=Firming Body Cream"
            }
        ]
    },
    {
        "id": "153",
        "name": "Nourishing Body Butter",
        "basePrice": 22,
        "description": "Rich and creamy for intense hydration...",
        "category": "Body Lotions",
        "tags": [
            "trending"
        ],
        "rating": 4.5,
        "reviews": 180,
        "variations": [
            {
                "variationId": "153-brown",
                "colorName": "Brown",
                "colorHex": "#A52A2A",
                "imageUrl": "https:\/\/dummyimage.com\/250\/A52A2A&text=Nourishing Body Butter"
            }
        ]
    },
    {
        "id": "181",
        "name": "Argan Oil Shampoo",
        "basePrice": 15,
        "description": "Nourishes and adds shine...",
        "category": "Haircare",
        "tags": [
            "bestseller"
        ],
        "rating": 4.6,
        "reviews": 250,
        "variations": [
            {
                "variationId": "181-brown",
                "colorName": "Brown",
                "colorHex": "#A52A2A",
                "imageUrl": "https:\/\/dummyimage.com\/250\/A52A2A&text=Argan Oil Shampoo"
            }
        ]
    },
    {
        "id": "182",
        "name": "Volumizing Conditioner",
        "basePrice": 16,
        "description": "Adds body and lift to fine hair...",
        "category": "Haircare",
        "tags": [
            "new"
        ],
        "rating": 4.5,
        "reviews": 200,
        "variations": [
            {
                "variationId": "182-blue",
                "colorName": "Aqua",
                "colorHex": "#00FFFF",
                "imageUrl": "https:\/\/dummyimage.com\/250\/00FFFF&text=Volumizing Conditioner"
            }
        ]
    },
    {
        "id": "183",
        "name": "Sulfate-Free Hair Mask",
        "basePrice": 18,
        "description": "Deep conditioning treatment...",
        "category": "Haircare",
        "tags": [
            "trending"
        ],
        "rating": 4.7,
        "reviews": 180,
        "variations": [
            {
                "variationId": "183-green",
                "colorName": "Dark Green",
                "colorHex": "#006400",
                "imageUrl": "https:\/\/dummyimage.com\/250\/6400&text=Sulfate-Free Hair Mask"
            }
        ]
    },
    {
        "id": "211",
        "name": "Natural Finish Liquid Foundation",
        "basePrice": 28,
        "description": "Medium coverage, breathable...",
        "category": "Makeup",
        "tags": [
            "bestseller"
        ],
        "rating": 4.5,
        "reviews": 180,
        "variations": [
            {
                "variationId": "211-light",
                "colorName": "Light",
                "colorHex": "#FCE2C0",
                "imageUrl": "https:\/\/dummyimage.com\/250\/FCE2C0&text=Natural Finish Liquid Foundation"
            },
            {
                "variationId": "211-medium",
                "colorName": "Medium",
                "colorHex": "#D2B48C",
                "imageUrl": "https:\/\/dummyimage.com\/250\/D2B48C&text=Natural Finish Liquid Foundation"
            }
        ]
    },
    {
        "id": "212",
        "name": "Volumizing Mascara - Black",
        "basePrice": 15,
        "description": "Adds intense volume to lashes...",
        "category": "Makeup",
        "tags": [
            "new"
        ],
        "rating": 4.7,
        "reviews": 250,
        "variations": [
            {
                "variationId": "212-black",
                "colorName": "Black",
                "colorHex": "#000000",
                "imageUrl": "https:\/\/dummyimage.com\/250\/0&text=Volumizing Mascara - Black"
            }
        ]
    },
    {
        "id": "213",
        "name": "Hydrating Concealer",
        "basePrice": 20,
        "description": "Covers dark circles and blemishes...",
        "category": "Makeup",
        "tags": [
            "trending"
        ],
        "rating": 4.6,
        "reviews": 160,
        "variations": [
            {
                "variationId": "213-fair",
                "colorName": "Fair",
                "colorHex": "#FAEBD7",
                "imageUrl": "https:\/\/dummyimage.com\/250\/FAEBD7&text=Hydrating Concealer"
            }
        ]
    },
    {
        "id": "214",
        "name": "Eyeshadow Palette - Nude Tones",
        "basePrice": 35,
        "description": "Versatile everyday shades...",
        "category": "Makeup",
        "tags": [
            "bestseller"
        ],
        "rating": 4.8,
        "reviews": 140,
        "variations": [
            {
                "variationId": "214-nude",
                "colorName": "Nude",
                "colorHex": "#E0B0FF",
                "imageUrl": "https:\/\/dummyimage.com\/250\/E0B0FF&text=Eyeshadow Palette - Nude Tones"
            }
        ]
    },
    {
        "id": "215",
        "name": "Long-Lasting Liquid Lipstick",
        "basePrice": 17,
        "description": "Matte finish, non-transfer...",
        "category": "Makeup",
        "tags": [
            "new"
        ],
        "rating": 4.4,
        "reviews": 190,
        "variations": [
            {
                "variationId": "215-red",
                "colorName": "Red",
                "colorHex": "#FF0000",
                "imageUrl": "https:\/\/dummyimage.com\/250\/FF0000&text=Long-Lasting Liquid Lipstick"
            }
        ]
    },
    {
        "id": "241",
        "name": "Eau de Parfum - Floral Breeze",
        "basePrice": 45,
        "description": "Light and refreshing floral scent...",
        "category": "Fragrances",
        "tags": [
            "bestseller"
        ],
        "rating": 4.6,
        "reviews": 150,
        "variations": [
            {
                "variationId": "241-gold",
                "colorName": "Gold",
                "colorHex": "#FFD700",
                "imageUrl": "https:\/\/dummyimage.com\/250\/FFD700&text=Eau de Parfum - Floral Breeze"
            }
        ]
    },
    {
        "id": "242",
        "name": "Eau de Toilette - Ocean Mist",
        "basePrice": 35,
        "description": "Crisp and invigorating aquatic scent...",
        "category": "Fragrances",
        "tags": [
            "new"
        ],
        "rating": 4.7,
        "reviews": 120,
        "variations": [
            {
                "variationId": "242-blue",
                "colorName": "Navy Blue",
                "colorHex": "#000080",
                "imageUrl": "https:\/\/dummyimage.com\/250\/80&text=Eau de Toilette - Ocean Mist"
            }
        ]
    },
    {
        "id": "243",
        "name": "Body Mist - Vanilla Dream",
        "basePrice": 15,
        "description": "Sweet and comforting vanilla scent...",
        "category": "Fragrances",
        "tags": [
            "trending"
        ],
        "rating": 4.4,
        "reviews": 200,
        "variations": [
            {
                "variationId": "243-pink",
                "colorName": "Hot Pink",
                "colorHex": "#FF69B4",
                "imageUrl": "https:\/\/dummyimage.com\/250\/FF69B4&text=Body Mist - Vanilla Dream"
            }
        ]
    },
    {
        "id": "271",
        "name": "Jade Roller & Gua Sha Set",
        "basePrice": 25,
        "description": "Promotes lymphatic drainage...",
        "category": "Tools & Accessories",
        "tags": [
            "bestseller"
        ],
        "rating": 4.7,
        "reviews": 180,
        "variations": [
            {
                "variationId": "271-green",
                "colorName": "Jade Green",
                "colorHex": "#00A86B",
                "imageUrl": "https:\/\/dummyimage.com\/250\/00A86B&text=Jade Roller & Gua Sha Set"
            }
        ]
    },
    {
        "id": "272",
        "name": "Electric Facial Cleansing Brush",
        "basePrice": 45,
        "description": "Deeply cleanses and exfoliates...",
        "category": "Tools & Accessories",
        "tags": [
            "new"
        ],
        "rating": 4.8,
        "reviews": 150,
        "variations": [
            {
                "variationId": "272-white",
                "colorName": "White",
                "colorHex": "#FFFFFF",
                "imageUrl": "https:\/\/dummyimage.com\/250\/FFFFFF&text=Electric Facial Cleansing Brush"
            }
        ]
    },
    {
        "id": "273",
        "name": "LED Skincare Mask",
        "basePrice": 120,
        "description": "Targets various skin concerns...",
        "category": "Tools & Accessories",
        "tags": [
            "trending"
        ],
        "rating": 4.6,
        "reviews": 100,
        "variations": [
            {
                "variationId": "273-red",
                "colorName": "Red",
                "colorHex": "#FF0000",
                "imageUrl": "https:\/\/dummyimage.com\/250\/FF0000&text=LED Skincare Mask"
            }
        ]
    },
    {
        "id": "301",
        "name": "Electric Toothbrush with App",
        "basePrice": 60,
        "description": "Smart brushing for optimal clean...",
        "category": "Oral Care",
        "tags": [
            "bestseller"
        ],
        "rating": 4.8,
        "reviews": 150,
        "variations": [
            {
                "variationId": "301-black",
                "colorName": "Black",
                "colorHex": "#000000",
                "imageUrl": "https:\/\/dummyimage.com\/250\/0&text=Electric Toothbrush with App"
            },
            {
                "variationId": "301-white",
                "colorName": "White",
                "colorHex": "#FFFFFF",
                "imageUrl": "https:\/\/dummyimage.com\/250\/FFFFFF&text=Electric Toothbrush with App"
            }
        ]
    },
    {
        "id": "302",
        "name": "Whitening Toothpaste",
        "basePrice": 12,
        "description": "Removes stains, brightens teeth...",
        "category": "Oral Care",
        "tags": [
            "new"
        ],
        "rating": 4.7,
        "reviews": 200,
        "variations": [
            {
                "variationId": "302-mint",
                "colorName": "Mint",
                "colorHex": "#98FF98",
                "imageUrl": "https:\/\/dummyimage.com\/250\/98FF98&text=Whitening Toothpaste"
            }
        ]
    },
    {
        "id": "303",
        "name": "Alcohol-Free Mouthwash",
        "basePrice": 10,
        "description": "Freshens breath, gentle on gums...",
        "category": "Oral Care",
        "tags": [
            "trending"
        ],
        "rating": 4.5,
        "reviews": 180,
        "variations": [
            {
                "variationId": "303-blue",
                "colorName": "Azure",
                "colorHex": "#007FFF",
                "imageUrl": "https:\/\/dummyimage.com\/250\/007FFF&text=Alcohol-Free Mouthwash"
            }
        ]
    },
    {
        "id": "331",
        "name": "Relaxing Bath Salts - Lavender",
        "basePrice": 12,
        "description": "Soothing for a calming bath...",
        "category": "Bath & Shower",
        "tags": [
            "bestseller"
        ],
        "rating": 4.6,
        "reviews": 180,
        "variations": [
            {
                "variationId": "331-purple",
                "colorName": "Lavender",
                "colorHex": "#E6E6FA",
                "imageUrl": "https:\/\/dummyimage.com\/250\/E6E6FA&text=Relaxing Bath Salts - Lavender"
            }
        ]
    },
    {
        "id": "332",
        "name": "Exfoliating Body Wash - Citrus",
        "basePrice": 15,
        "description": "Invigorating scrub for smooth skin...",
        "category": "Bath & Shower",
        "tags": [
            "new"
        ],
        "rating": 4.7,
        "reviews": 150,
        "variations": [
            {
                "variationId": "332-orange",
                "colorName": "Orange",
                "colorHex": "#FFA500",
                "imageUrl": "https:\/\/dummyimage.com\/250\/FFA500&text=Exfoliating Body Wash - Citrus"
            }
        ]
    },
    {
        "id": "333",
        "name": "Moisturizing Shower Gel - Coconut",
        "basePrice": 14,
        "description": "Hydrates and cleanses gently...",
        "category": "Bath & Shower",
        "tags": [
            "trending"
        ],
        "rating": 4.5,
        "reviews": 200,
        "variations": [
            {
                "variationId": "333-brown",
                "colorName": "Coconut Brown",
                "colorHex": "#D2B48C",
                "imageUrl": "https:\/\/dummyimage.com\/250\/D2B48C&text=Moisturizing Shower Gel - Coconut"
            }
        ]
    }
]